id,name,cuisineId,regionId,categoryId,subcategoryId,dietaryTypeId,defaultMealPeriodId,isActive
dish_cnhome_ext_021,三鲜馄饨,cuisine_cn,region_china,cat_staple,subcat_cn_noodle,diet_mixed,meal_breakfast,True
dish_cnhome_ext_022,猪肉白菜水饺,cuisine_cn,region_china,cat_staple,subcat_cn_noodle,diet_mixed,meal_breakfast,True
dish_congee_pork,皮蛋瘦肉粥,cuisine_cn,region_china,cat_staple,subcat_cn_noodle,diet_mixed,meal_breakfast,True
dish_cnhome_ext_027,紫菜蛋花汤面,cuisine_cn,region_china,cat_staple,subcat_cn_noodle,diet_vegetarian,meal_breakfast,True
dish_scallion_noodle,葱油拌面,cuisine_cn,region_china,cat_staple,subcat_cn_noodle,diet_vegetarian,meal_breakfast,True
dish_soymilk_youtiao,豆浆油条,cuisine_cn,region_china,cat_staple,subcat_cn_noodle,diet_vegetarian,meal_breakfast,True
dish_cnhome_ext_023,青菜鸡蛋面,cuisine_cn,region_china,cat_staple,subcat_cn_noodle,diet_vegetarian,meal_breakfast,True
dish_cnhome_ext_026,鸡丝汤面,cuisine_cn,region_china,cat_staple,subcat_cn_noodle,diet_meat,meal_breakfast,True
dish_cnbj_ext_003,门钉肉饼,cuisine_cn,region_china_beijing,cat_main_dish,subcat_cn_beijing_main,diet_meat,meal_breakfast,True
dish_cnbj_ext_024,京八件,cuisine_cn,region_china_beijing,cat_snack,subcat_cn_beijing_snack,diet_meat,meal_breakfast,True
dish_cnbj_ext_025,奶油炸糕,cuisine_cn,region_china_beijing,cat_snack,subcat_cn_beijing_snack,diet_vegetarian,meal_breakfast,True
dish_cnbj_ext_027,果子干,cuisine_cn,region_china_beijing,cat_snack,subcat_cn_beijing_snack,diet_meat,meal_breakfast,True
dish_cnbj_ext_029,炸灌肠,cuisine_cn,region_china_beijing,cat_snack,subcat_cn_beijing_snack,diet_meat,meal_breakfast,True
dish_cnbj_ext_028,焦圈,cuisine_cn,region_china_beijing,cat_snack,subcat_cn_beijing_snack,diet_meat,meal_breakfast,True
dish_cnbj_ext_030,糖火烧,cuisine_cn,region_china_beijing,cat_snack,subcat_cn_beijing_snack,diet_vegetarian,meal_breakfast,True
dish_cnbj_ext_022,糖耳朵,cuisine_cn,region_china_beijing,cat_snack,subcat_cn_beijing_snack,diet_vegetarian,meal_breakfast,True
dish_cnbj_ext_021,艾窝窝,cuisine_cn,region_china_beijing,cat_snack,subcat_cn_beijing_snack,diet_meat,meal_breakfast,True
dish_cnbj_ext_023,芝麻烧饼,cuisine_cn,region_china_beijing,cat_snack,subcat_cn_beijing_snack,diet_meat,meal_breakfast,True
dish_cnbj_ext_026,豆面糕,cuisine_cn,region_china_beijing,cat_snack,subcat_cn_beijing_snack,diet_vegetarian,meal_breakfast,True
dish_pea_cake,豌豆黄,cuisine_cn,region_china_beijing,cat_snack,subcat_cn_beijing_snack,diet_vegetarian,meal_breakfast,True
dish_donkey_roll,驴打滚,cuisine_cn,region_china_beijing,cat_snack,subcat_cn_beijing_snack,diet_vegetarian,meal_breakfast,True
dish_cnbj_ext_012,炒肝配包子,cuisine_cn,region_china_beijing,cat_staple,subcat_cn_beijing_staple,diet_vegetarian,meal_breakfast,True
dish_cnbj_ext_016,牛肉烧饼,cuisine_cn,region_china_beijing,cat_staple,subcat_cn_beijing_staple,diet_meat,meal_breakfast,True
dish_cnbj_ext_013,豆汁焦圈,cuisine_cn,region_china_beijing,cat_staple,subcat_cn_beijing_staple,diet_meat,meal_breakfast,True
dish_cnbj_ext_018,麻酱烧饼,cuisine_cn,region_china_beijing,cat_staple,subcat_cn_beijing_staple,diet_meat,meal_breakfast,True
dish_cngd_ext_023,叉烧包,cuisine_cn,region_china_guangdong,cat_snack,subcat_cn_cantonese_dimsum,diet_vegetarian,meal_breakfast,True
dish_cngd_ext_028,双皮奶,cuisine_cn,region_china_guangdong,cat_snack,subcat_cn_cantonese_dimsum,diet_meat,meal_breakfast,True
dish_cngd_ext_030,咸水角,cuisine_cn,region_china_guangdong,cat_snack,subcat_cn_cantonese_dimsum,diet_meat,meal_breakfast,True
dish_cngd_ext_022,奶黄包,cuisine_cn,region_china_guangdong,cat_snack,subcat_cn_cantonese_dimsum,diet_vegetarian,meal_breakfast,True
dish_cngd_ext_029,姜撞奶,cuisine_cn,region_china_guangdong,cat_snack,subcat_cn_cantonese_dimsum,diet_meat,meal_breakfast,True
dish_cngd_ext_021,干蒸烧卖,cuisine_cn,region_china_guangdong,cat_snack,subcat_cn_cantonese_dimsum,diet_meat,meal_breakfast,True
dish_lava_bao,流沙包,cuisine_cn,region_china_guangdong,cat_snack,subcat_cn_cantonese_dimsum,diet_vegetarian,meal_breakfast,True
dish_cngd_ext_024,糯米鸡,cuisine_cn,region_china_guangdong,cat_snack,subcat_cn_cantonese_dimsum,diet_meat,meal_breakfast,True
dish_cheung_fun,肠粉,cuisine_cn,region_china_guangdong,cat_snack,subcat_cn_cantonese_dimsum,diet_mixed,meal_breakfast,True
dish_cngd_ext_026,萝卜糕,cuisine_cn,region_china_guangdong,cat_snack,subcat_cn_cantonese_dimsum,diet_vegetarian,meal_breakfast,True
dish_ha_gow,虾饺,cuisine_cn,region_china_guangdong,cat_snack,subcat_cn_cantonese_dimsum,diet_seafood,meal_breakfast,True
dish_cngd_ext_025,马蹄糕,cuisine_cn,region_china_guangdong,cat_snack,subcat_cn_cantonese_dimsum,diet_vegetarian,meal_breakfast,True
dish_cngd_ext_027,鼓汁凤爪,cuisine_cn,region_china_guangdong,cat_snack,subcat_cn_cantonese_dimsum,diet_meat,meal_breakfast,True
dish_wonton_noodle,云吞面,cuisine_cn,region_china_guangdong,cat_staple,subcat_cn_cantonese_staple,diet_mixed,meal_breakfast,True
dish_cngd_ext_010,生滚鱼片粥,cuisine_cn,region_china_guangdong,cat_staple,subcat_cn_cantonese_staple,diet_seafood,meal_breakfast,True
dish_cnhn_ext_018,手撕包菜,cuisine_cn,region_china_hunan,cat_main_dish,subcat_cn_hunan_vegetable,diet_vegetarian,meal_breakfast,True
dish_cndb_ext_020,粘豆包,cuisine_cn,region_china_northeast,cat_main_dish,subcat_cn_northeast_stew,diet_vegetarian,meal_breakfast,True
dish_cndb_ext_025,锅贴玉米饼,cuisine_cn,region_china_northeast,cat_main_dish,subcat_cn_northeast_stew,diet_meat,meal_breakfast,True
dish_cndb_ext_022,饭包,cuisine_cn,region_china_northeast,cat_main_dish,subcat_cn_northeast_stew,diet_vegetarian,meal_breakfast,True
dish_cnsd_ext_008,盘丝饼,cuisine_cn,region_china_shandong,cat_main_dish,subcat_cn_lu_main,diet_meat,meal_breakfast,True
dish_cnsc_ext_027,伤心凉粉,cuisine_cn,region_china_sichuan,cat_snack,subcat_cn_sichuan_snack,diet_vegetarian,meal_breakfast,True
dish_cnsc_ext_030,凉糕,cuisine_cn,region_china_sichuan,cat_snack,subcat_cn_sichuan_snack,diet_vegetarian,meal_breakfast,True
dish_cnsc_ext_029,叶儿粑,cuisine_cn,region_china_sichuan,cat_snack,subcat_cn_sichuan_snack,diet_meat,meal_breakfast,True
dish_xiaolongbao,小笼包,cuisine_cn,region_china_sichuan,cat_snack,subcat_cn_sichuan_snack,diet_meat,meal_breakfast,True
dish_cnsc_ext_026,川北凉粉,cuisine_cn,region_china_sichuan,cat_snack,subcat_cn_sichuan_snack,diet_vegetarian,meal_breakfast,True
dish_cnsc_ext_024,甜水面,cuisine_cn,region_china_sichuan,cat_snack,subcat_cn_sichuan_snack,diet_meat,meal_breakfast,True
dish_cnsc_ext_023,红糖糍粑,cuisine_cn,region_china_sichuan,cat_snack,subcat_cn_sichuan_snack,diet_vegetarian,meal_breakfast,True
dish_cnsc_ext_022,蛋烘糕,cuisine_cn,region_china_sichuan,cat_snack,subcat_cn_sichuan_snack,diet_vegetarian,meal_breakfast,True
dish_cnsc_ext_025,赖汤圆,cuisine_cn,region_china_sichuan,cat_snack,subcat_cn_sichuan_snack,diet_meat,meal_breakfast,True
dish_cnsc_ext_028,钵钵鸡,cuisine_cn,region_china_sichuan,cat_snack,subcat_cn_sichuan_snack,diet_meat,meal_breakfast,True
dish_cnsc_ext_021,龙抄手,cuisine_cn,region_china_sichuan,cat_snack,subcat_cn_sichuan_snack,diet_meat,meal_breakfast,True
dish_cnxj_ext_001,烤包子,cuisine_cn,region_china_xinjiang,cat_main_dish,subcat_cn_xinjiang_grill,diet_vegetarian,meal_breakfast,True
dish_cnxj_ext_011,羊肉焖饼,cuisine_cn,region_china_xinjiang,cat_main_dish,subcat_cn_xinjiang_grill,diet_meat,meal_breakfast,True
dish_cnxj_ext_002,馕包肉,cuisine_cn,region_china_xinjiang,cat_main_dish,subcat_cn_xinjiang_grill,diet_meat,meal_breakfast,True
dish_cnxj_ext_028,薄皮包子,cuisine_cn,region_china_xinjiang,cat_staple,subcat_cn_xinjiang_staple,diet_vegetarian,meal_breakfast,True
dish_salmon_onigiri,三文鱼饭团,cuisine_jp,region_japan,cat_staple,subcat_jp_rice,diet_seafood,meal_breakfast,True
dish_onigiri_set,饭团味噌汤,cuisine_jp,region_japan,cat_staple,subcat_jp_rice,diet_seafood,meal_breakfast,True
dish_tamagoyaki_plate,玉子烧早餐盘,cuisine_jp,region_japan,cat_main_dish,subcat_jp_small_plate,diet_vegetarian,meal_breakfast,True
dish_oats_yogurt_bowl,燕麦酸奶碗,cuisine_light,region_global,cat_salad,subcat_light_bowl,diet_vegetarian,meal_breakfast,True
dish_avocado_egg_toast,牛油果鸡蛋吐司,cuisine_light,region_global,cat_staple,subcat_west_brunch,diet_vegetarian,meal_breakfast,True
dish_ham_croissant,法式火腿可颂,cuisine_west,region_europe_america,cat_staple,subcat_west_brunch,diet_meat,meal_breakfast,True
dish_scrambled_egg_toast,炒蛋蘑菇吐司,cuisine_west,region_europe_america,cat_staple,subcat_west_brunch,diet_vegetarian,meal_breakfast,True
dish_eggs_benedict,班尼迪克蛋早餐盘,cuisine_west,region_europe_america,cat_staple,subcat_west_brunch,diet_vegetarian,meal_breakfast,True
dish_cnhome_ext_003,可乐鸡翅饭,cuisine_cn,region_china,cat_main_dish,subcat_cn_home_meat,diet_meat,meal_lunch,True
dish_cnhome_ext_007,土豆炖鸡饭,cuisine_cn,region_china,cat_main_dish,subcat_cn_home_meat,diet_meat,meal_lunch,True
dish_beef_potato_rice,土豆烧牛肉饭,cuisine_cn,region_china,cat_main_dish,subcat_cn_home_meat,diet_meat,meal_lunch,True
dish_cnhome_ext_004,木须肉饭,cuisine_cn,region_china,cat_main_dish,subcat_cn_home_meat,diet_meat,meal_lunch,True
dish_cnhome_ext_006,洋葱牛肉饭,cuisine_cn,region_china,cat_main_dish,subcat_cn_home_meat,diet_meat,meal_lunch,True
dish_cnhome_ext_008,番茄牛腩饭,cuisine_cn,region_china,cat_main_dish,subcat_cn_home_meat,diet_meat,meal_lunch,True
dish_cnhome_ext_002,糖醋排骨饭,cuisine_cn,region_china,cat_main_dish,subcat_cn_home_meat,diet_meat,meal_lunch,True
dish_cnhome_ext_001,红烧排骨饭,cuisine_cn,region_china,cat_main_dish,subcat_cn_home_meat,diet_meat,meal_lunch,True
dish_braised_pork_rice,红烧肉饭,cuisine_cn,region_china,cat_main_dish,subcat_cn_home_meat,diet_meat,meal_lunch,True
dish_cnhome_ext_009,肉末茄子饭,cuisine_cn,region_china,cat_main_dish,subcat_cn_home_meat,diet_meat,meal_lunch,True
dish_cnhome_ext_010,虾仁滑蛋饭,cuisine_cn,region_china,cat_main_dish,subcat_cn_home_meat,diet_seafood,meal_lunch,True
dish_pepper_pork_rice,青椒肉丝饭,cuisine_cn,region_china,cat_main_dish,subcat_cn_home_meat,diet_meat,meal_lunch,True
dish_cnhome_ext_005,香菇滑鸡饭,cuisine_cn,region_china,cat_main_dish,subcat_cn_home_meat,diet_meat,meal_lunch,True
dish_braised_chicken_rice,黄焖鸡米饭,cuisine_cn,region_china,cat_main_dish,subcat_cn_home_meat,diet_meat,meal_lunch,True
dish_cucumber_salad,凉拌黄瓜,cuisine_cn,region_china,cat_main_dish,subcat_cn_home_vegetable,diet_vegetarian,meal_lunch,True
dish_cnhome_ext_018,南瓜炒蛋,cuisine_cn,region_china,cat_main_dish,subcat_cn_home_vegetable,diet_vegetarian,meal_lunch,True
dish_cnhome_ext_011,家常豆腐,cuisine_cn,region_china,cat_main_dish,subcat_cn_home_vegetable,diet_vegetarian,meal_lunch,True
dish_hand_torn_cabbage,手撕包菜,cuisine_cn,region_china,cat_main_dish,subcat_cn_home_vegetable,diet_vegetarian,meal_lunch,True
dish_cnhome_ext_013,木耳炒鸡蛋,cuisine_cn,region_china,cat_main_dish,subcat_cn_home_vegetable,diet_vegetarian,meal_lunch,True
dish_tomato_scrambled_egg,番茄炒蛋,cuisine_cn,region_china,cat_main_dish,subcat_cn_home_vegetable,diet_vegetarian,meal_lunch,True
dish_cnhome_ext_016,番茄豆腐,cuisine_cn,region_china,cat_main_dish,subcat_cn_home_vegetable,diet_vegetarian,meal_lunch,True
dish_cnhome_ext_012,蒜蓉西兰花,cuisine_cn,region_china,cat_main_dish,subcat_cn_home_vegetable,diet_vegetarian,meal_lunch,True
dish_cnhome_ext_019,蒜香四季豆,cuisine_cn,region_china,cat_main_dish,subcat_cn_home_vegetable,diet_vegetarian,meal_lunch,True
dish_broccoli_mushroom,西兰花炒菌菇,cuisine_cn,region_china,cat_main_dish,subcat_cn_home_vegetable,diet_vegetarian,meal_lunch,True
dish_cnhome_ext_014,醋溜白菜,cuisine_cn,region_china,cat_main_dish,subcat_cn_home_vegetable,diet_vegetarian,meal_lunch,True
dish_cnhome_ext_015,青椒土豆丝,cuisine_cn,region_china,cat_main_dish,subcat_cn_home_vegetable,diet_vegetarian,meal_lunch,True
dish_cnhome_ext_017,香菇青菜,cuisine_cn,region_china,cat_main_dish,subcat_cn_home_vegetable,diet_vegetarian,meal_lunch,True
dish_cnhome_ext_025,家常炒面,cuisine_cn,region_china,cat_staple,subcat_cn_noodle,diet_mixed,meal_lunch,True
dish_yangzhou_fried_rice,扬州炒饭,cuisine_cn,region_china,cat_staple,subcat_cn_noodle,diet_mixed,meal_lunch,True
dish_tomato_beef_noodle,番茄牛肉面,cuisine_cn,region_china,cat_staple,subcat_cn_noodle,diet_meat,meal_lunch,True
dish_cnhome_ext_024,肉末拌面,cuisine_cn,region_china,cat_staple,subcat_cn_noodle,diet_meat,meal_lunch,True
dish_cnhome_ext_020,蛋炒饭,cuisine_cn,region_china,cat_staple,subcat_cn_noodle,diet_vegetarian,meal_lunch,True
dish_cnbj_ext_005,京味爆肚,cuisine_cn,region_china_beijing,cat_main_dish,subcat_cn_beijing_main,diet_meat,meal_lunch,True
dish_jingjiang_pork_rice,京酱肉丝饭,cuisine_cn,region_china_beijing,cat_main_dish,subcat_cn_beijing_main,diet_meat,meal_lunch,True
dish_cnbj_ext_001,涮羊肉,cuisine_cn,region_china_beijing,cat_main_dish,subcat_cn_beijing_main,diet_meat,meal_lunch,True
dish_cnbj_ext_007,炙子烤肉,cuisine_cn,region_china_beijing,cat_main_dish,subcat_cn_beijing_main,diet_meat,meal_lunch,True
dish_cnbj_ext_010,糟熘三白,cuisine_cn,region_china_beijing,cat_main_dish,subcat_cn_beijing_main,diet_meat,meal_lunch,True
dish_cnbj_ext_002,老北京卤煮,cuisine_cn,region_china_beijing,cat_main_dish,subcat_cn_beijing_main,diet_meat,meal_lunch,True
dish_cnbj_ext_008,芥末鸭掌,cuisine_cn,region_china_beijing,cat_main_dish,subcat_cn_beijing_main,diet_meat,meal_lunch,True
dish_cnbj_ext_004,褡裢火烧,cuisine_cn,region_china_beijing,cat_main_dish,subcat_cn_beijing_main,diet_meat,meal_lunch,True
dish_cnbj_ext_006,酱爆鸡丁,cuisine_cn,region_china_beijing,cat_main_dish,subcat_cn_beijing_main,diet_meat,meal_lunch,True
dish_cnbj_ext_009,醋溜木须,cuisine_cn,region_china_beijing,cat_main_dish,subcat_cn_beijing_main,diet_meat,meal_lunch,True
dish_cnbj_ext_017,京味馄饨,cuisine_cn,region_china_beijing,cat_staple,subcat_cn_beijing_staple,diet_meat,meal_lunch,True
dish_cnbj_ext_020,卤肉火烧,cuisine_cn,region_china_beijing,cat_staple,subcat_cn_beijing_staple,diet_meat,meal_lunch,True
dish_cnbj_ext_019,打卤面,cuisine_cn,region_china_beijing,cat_staple,subcat_cn_beijing_staple,diet_meat,meal_lunch,True
dish_cnbj_ext_011,炒疙瘩,cuisine_cn,region_china_beijing,cat_staple,subcat_cn_beijing_staple,diet_meat,meal_lunch,True
dish_zhajiangmian,炸酱面,cuisine_cn,region_china_beijing,cat_staple,subcat_cn_beijing_staple,diet_meat,meal_lunch,True
dish_cnbj_ext_014,糊塌子,cuisine_cn,region_china_beijing,cat_staple,subcat_cn_beijing_staple,diet_meat,meal_lunch,True
dish_cnbj_ext_015,驴肉火烧,cuisine_cn,region_china_beijing,cat_staple,subcat_cn_beijing_staple,diet_meat,meal_lunch,True
dish_charsiu_rice,叉烧饭,cuisine_cn,region_china_guangdong,cat_staple,subcat_cn_cantonese_roast,diet_meat,meal_lunch,True
dish_cngd_ext_017,啫啫牛肉煲,cuisine_cn,region_china_guangdong,cat_staple,subcat_cn_cantonese_roast,diet_meat,meal_lunch,True
dish_cngd_ext_016,啫啫鸡煲,cuisine_cn,region_china_guangdong,cat_staple,subcat_cn_cantonese_roast,diet_meat,meal_lunch,True
dish_cngd_ext_020,广式烧乳鸽,cuisine_cn,region_china_guangdong,cat_staple,subcat_cn_cantonese_roast,diet_meat,meal_lunch,True
dish_cngd_ext_019,椒盐虾,cuisine_cn,region_china_guangdong,cat_staple,subcat_cn_cantonese_roast,diet_seafood,meal_lunch,True
dish_cngd_ext_018,椒盐鲜鱿,cuisine_cn,region_china_guangdong,cat_staple,subcat_cn_cantonese_roast,diet_meat,meal_lunch,True
dish_cngd_ext_014,清蒸鲈鱼,cuisine_cn,region_china_guangdong,cat_staple,subcat_cn_cantonese_roast,diet_seafood,meal_lunch,True
dish_cngd_ext_011,烧味双拼饭,cuisine_cn,region_china_guangdong,cat_staple,subcat_cn_cantonese_roast,diet_meat,meal_lunch,True
dish_roast_goose_rice,烧鹅饭,cuisine_cn,region_china_guangdong,cat_staple,subcat_cn_cantonese_roast,diet_meat,meal_lunch,True
dish_cngd_ext_012,玫瑰豉油鸡饭,cuisine_cn,region_china_guangdong,cat_staple,subcat_cn_cantonese_roast,diet_meat,meal_lunch,True
dish_white_cut_chicken_rice,白切鸡饭,cuisine_cn,region_china_guangdong,cat_staple,subcat_cn_cantonese_roast,diet_meat,meal_lunch,True
dish_cngd_ext_013,白灼虾,cuisine_cn,region_china_guangdong,cat_staple,subcat_cn_cantonese_roast,diet_seafood,meal_lunch,True
dish_cngd_ext_015,豉汁蒸排骨,cuisine_cn,region_china_guangdong,cat_staple,subcat_cn_cantonese_roast,diet_meat,meal_lunch,True
dish_cngd_ext_002,干炒牛河,cuisine_cn,region_china_guangdong,cat_staple,subcat_cn_cantonese_staple,diet_meat,meal_lunch,True
dish_cngd_ext_005,梅菜扣肉饭,cuisine_cn,region_china_guangdong,cat_staple,subcat_cn_cantonese_staple,diet_meat,meal_lunch,True
dish_cngd_ext_007,烧鸭饭,cuisine_cn,region_china_guangdong,cat_staple,subcat_cn_cantonese_staple,diet_meat,meal_lunch,True
dish_beef_chow_fun,牛肉炒河粉,cuisine_cn,region_china_guangdong,cat_staple,subcat_cn_cantonese_staple,diet_meat,meal_lunch,True
dish_cngd_ext_009,牛腩粉,cuisine_cn,region_china_guangdong,cat_staple,subcat_cn_cantonese_staple,diet_meat,meal_lunch,True
dish_claypot_rice,腊味煲仔饭,cuisine_cn,region_china_guangdong,cat_staple,subcat_cn_cantonese_staple,diet_meat,meal_lunch,True
dish_cngd_ext_004,腊肠煲仔饭,cuisine_cn,region_china_guangdong,cat_staple,subcat_cn_cantonese_staple,diet_meat,meal_lunch,True
dish_cngd_ext_008,蜜汁叉烧面,cuisine_cn,region_china_guangdong,cat_staple,subcat_cn_cantonese_staple,diet_meat,meal_lunch,True
dish_cngd_ext_003,豉汁排骨饭,cuisine_cn,region_china_guangdong,cat_staple,subcat_cn_cantonese_staple,diet_meat,meal_lunch,True
dish_cngd_ext_006,豉油鸡饭,cuisine_cn,region_china_guangdong,cat_staple,subcat_cn_cantonese_staple,diet_meat,meal_lunch,True
dish_cngd_ext_001,鲜虾云吞面,cuisine_cn,region_china_guangdong,cat_staple,subcat_cn_cantonese_staple,diet_seafood,meal_lunch,True
dish_cnhn_ext_002,东安子鸡,cuisine_cn,region_china_hunan,cat_main_dish,subcat_cn_hunan_meat,diet_meat,meal_lunch,True
dish_cnhn_ext_012,农家一碗香,cuisine_cn,region_china_hunan,cat_main_dish,subcat_cn_hunan_meat,diet_meat,meal_lunch,True
dish_hunan_farm_pork_rice,农家小炒肉饭,cuisine_cn,region_china_hunan,cat_main_dish,subcat_cn_hunan_meat,diet_meat,meal_lunch,True
dish_cnhn_ext_014,剁椒排骨,cuisine_cn,region_china_hunan,cat_main_dish,subcat_cn_hunan_meat,diet_meat,meal_lunch,True
dish_cnhn_ext_001,剁椒鱼头,cuisine_cn,region_china_hunan,cat_main_dish,subcat_cn_hunan_meat,diet_seafood,meal_lunch,True
dish_cnhn_ext_009,啤酒鸭,cuisine_cn,region_china_hunan,cat_main_dish,subcat_cn_hunan_meat,diet_meat,meal_lunch,True
dish_cnhn_ext_013,小炒拆骨肉,cuisine_cn,region_china_hunan,cat_main_dish,subcat_cn_hunan_meat,diet_meat,meal_lunch,True
dish_hunan_stir_beef_rice,小炒黄牛肉饭,cuisine_cn,region_china_hunan,cat_main_dish,subcat_cn_hunan_meat,diet_meat,meal_lunch,True
dish_cnhn_ext_008,干锅牛蛙,cuisine_cn,region_china_hunan,cat_main_dish,subcat_cn_hunan_meat,diet_meat,meal_lunch,True
dish_cnhn_ext_003,永州血鸭,cuisine_cn,region_china_hunan,cat_main_dish,subcat_cn_hunan_meat,diet_meat,meal_lunch,True
dish_cnhn_ext_010,泡椒牛肉,cuisine_cn,region_china_hunan,cat_main_dish,subcat_cn_hunan_meat,diet_meat,meal_lunch,True
dish_cnhn_ext_015,脆椒鸡胗,cuisine_cn,region_china_hunan,cat_main_dish,subcat_cn_hunan_meat,diet_meat,meal_lunch,True
dish_cnhn_ext_004,腊味合蒸,cuisine_cn,region_china_hunan,cat_main_dish,subcat_cn_hunan_meat,diet_meat,meal_lunch,True
dish_cnhn_ext_005,辣椒炒肉,cuisine_cn,region_china_hunan,cat_main_dish,subcat_cn_hunan_meat,diet_meat,meal_lunch,True
dish_cnhn_ext_007,酸豆角肉末,cuisine_cn,region_china_hunan,cat_main_dish,subcat_cn_hunan_meat,diet_meat,meal_lunch,True
dish_cnhn_ext_011,金钱蛋,cuisine_cn,region_china_hunan,cat_main_dish,subcat_cn_hunan_meat,diet_meat,meal_lunch,True
dish_cnhn_ext_006,香干炒肉,cuisine_cn,region_china_hunan,cat_main_dish,subcat_cn_hunan_meat,diet_meat,meal_lunch,True
dish_cnhn_ext_023,农家煎豆腐,cuisine_cn,region_china_hunan,cat_main_dish,subcat_cn_hunan_vegetable,diet_vegetarian,meal_lunch,True
dish_cnhn_ext_019,剁椒茄子,cuisine_cn,region_china_hunan,cat_main_dish,subcat_cn_hunan_vegetable,diet_vegetarian,meal_lunch,True
dish_cnhn_ext_017,外婆菜炒鸡蛋,cuisine_cn,region_china_hunan,cat_main_dish,subcat_cn_hunan_vegetable,diet_vegetarian,meal_lunch,True
dish_cnhn_ext_021,干锅花菜,cuisine_cn,region_china_hunan,cat_main_dish,subcat_cn_hunan_vegetable,diet_vegetarian,meal_lunch,True
dish_cnhn_ext_016,擂椒皮蛋,cuisine_cn,region_china_hunan,cat_main_dish,subcat_cn_hunan_vegetable,diet_meat,meal_lunch,True
dish_hunan_eggplant,擂椒茄子,cuisine_cn,region_china_hunan,cat_main_dish,subcat_cn_hunan_vegetable,diet_vegetarian,meal_lunch,True
dish_cnhn_ext_026,擂椒豆腐,cuisine_cn,region_china_hunan,cat_main_dish,subcat_cn_hunan_vegetable,diet_vegetarian,meal_lunch,True
dish_cnhn_ext_027,椒香豆皮,cuisine_cn,region_china_hunan,cat_main_dish,subcat_cn_hunan_vegetable,diet_vegetarian,meal_lunch,True
dish_cnhn_ext_025,湘味炒时蔬,cuisine_cn,region_china_hunan,cat_main_dish,subcat_cn_hunan_vegetable,diet_meat,meal_lunch,True
dish_cnhn_ext_029,蒜香空心菜,cuisine_cn,region_china_hunan,cat_main_dish,subcat_cn_hunan_vegetable,diet_vegetarian,meal_lunch,True
dish_cnhn_ext_030,豉椒南瓜,cuisine_cn,region_china_hunan,cat_main_dish,subcat_cn_hunan_vegetable,diet_meat,meal_lunch,True
dish_cnhn_ext_028,酸辣土豆丝,cuisine_cn,region_china_hunan,cat_main_dish,subcat_cn_hunan_vegetable,diet_vegetarian,meal_lunch,True
dish_cnhn_ext_020,酸辣白菜,cuisine_cn,region_china_hunan,cat_main_dish,subcat_cn_hunan_vegetable,diet_vegetarian,meal_lunch,True
dish_hunan_lotus_root,酸辣藕片,cuisine_cn,region_china_hunan,cat_main_dish,subcat_cn_hunan_vegetable,diet_vegetarian,meal_lunch,True
dish_cnhn_ext_022,青椒炒腐竹,cuisine_cn,region_china_hunan,cat_main_dish,subcat_cn_hunan_vegetable,diet_vegetarian,meal_lunch,True
dish_cnhn_ext_024,香辣藕丁,cuisine_cn,region_china_hunan,cat_main_dish,subcat_cn_hunan_vegetable,diet_vegetarian,meal_lunch,True
dish_cndb_ext_008,东北炖牛肉,cuisine_cn,region_china_northeast,cat_main_dish,subcat_cn_northeast_meat,diet_meat,meal_lunch,True
dish_cndb_ext_007,东北酱骨头,cuisine_cn,region_china_northeast,cat_main_dish,subcat_cn_northeast_meat,diet_meat,meal_lunch,True
dish_cndb_ext_009,农家一锅出,cuisine_cn,region_china_northeast,cat_main_dish,subcat_cn_northeast_meat,diet_meat,meal_lunch,True
dish_cndb_ext_015,小鸡蘑菇炖粉条,cuisine_cn,region_china_northeast,cat_main_dish,subcat_cn_northeast_meat,diet_meat,meal_lunch,True
dish_cndb_ext_006,排骨炖豆角,cuisine_cn,region_china_northeast,cat_main_dish,subcat_cn_northeast_meat,diet_meat,meal_lunch,True
dish_cndb_ext_003,杀猪菜,cuisine_cn,region_china_northeast,cat_main_dish,subcat_cn_northeast_meat,diet_meat,meal_lunch,True
dish_cndb_ext_001,溜肉段,cuisine_cn,region_china_northeast,cat_main_dish,subcat_cn_northeast_meat,diet_meat,meal_lunch,True
dish_cndb_ext_011,猪肉白菜炖粉条,cuisine_cn,region_china_northeast,cat_main_dish,subcat_cn_northeast_meat,diet_meat,meal_lunch,True
dish_cndb_ext_014,白菜汆白肉,cuisine_cn,region_china_northeast,cat_main_dish,subcat_cn_northeast_meat,diet_meat,meal_lunch,True
dish_cndb_ext_012,红烧鲤鱼锅,cuisine_cn,region_china_northeast,cat_main_dish,subcat_cn_northeast_meat,diet_seafood,meal_lunch,True
dish_cndb_ext_010,酱炖大骨,cuisine_cn,region_china_northeast,cat_main_dish,subcat_cn_northeast_meat,diet_meat,meal_lunch,True
dish_cndb_ext_002,酸菜白肉锅,cuisine_cn,region_china_northeast,cat_main_dish,subcat_cn_northeast_meat,diet_meat,meal_lunch,True
dish_cndb_ext_004,铁锅炖大鹅,cuisine_cn,region_china_northeast,cat_main_dish,subcat_cn_northeast_meat,diet_meat,meal_lunch,True
dish_cndb_ext_005,铁锅炖鱼,cuisine_cn,region_china_northeast,cat_main_dish,subcat_cn_northeast_meat,diet_seafood,meal_lunch,True
dish_guobaorou_rice,锅包肉饭,cuisine_cn,region_china_northeast,cat_main_dish,subcat_cn_northeast_meat,diet_meat,meal_lunch,True
dish_cndb_ext_013,锅贴排骨,cuisine_cn,region_china_northeast,cat_main_dish,subcat_cn_northeast_meat,diet_meat,meal_lunch,True
dish_cndb_ext_021,东北大拉皮,cuisine_cn,region_china_northeast,cat_main_dish,subcat_cn_northeast_stew,diet_meat,meal_lunch,True
dish_disanxian,地三鲜,cuisine_cn,region_china_northeast,cat_main_dish,subcat_cn_northeast_stew,diet_vegetarian,meal_lunch,True
dish_cndb_ext_018,小葱拌豆腐,cuisine_cn,region_china_northeast,cat_main_dish,subcat_cn_northeast_stew,diet_vegetarian,meal_lunch,True
dish_cndb_ext_016,尖椒干豆腐,cuisine_cn,region_china_northeast,cat_main_dish,subcat_cn_northeast_stew,diet_vegetarian,meal_lunch,True
dish_cndb_ext_019,拔丝地瓜,cuisine_cn,region_china_northeast,cat_main_dish,subcat_cn_northeast_stew,diet_meat,meal_lunch,True
dish_cndb_ext_030,杀猪烩菜,cuisine_cn,region_china_northeast,cat_main_dish,subcat_cn_northeast_stew,diet_meat,meal_lunch,True
dish_cndb_ext_023,炒酸菜,cuisine_cn,region_china_northeast,cat_main_dish,subcat_cn_northeast_stew,diet_meat,meal_lunch,True
dish_cndb_ext_029,豆角焖面,cuisine_cn,region_china_northeast,cat_main_dish,subcat_cn_northeast_stew,diet_meat,meal_lunch,True
dish_cndb_ext_017,酸菜炖粉条,cuisine_cn,region_china_northeast,cat_main_dish,subcat_cn_northeast_stew,diet_meat,meal_lunch,True
dish_cndb_ext_026,酸菜饺子,cuisine_cn,region_china_northeast,cat_main_dish,subcat_cn_northeast_stew,diet_meat,meal_lunch,True
dish_cndb_ext_024,锅烙土豆片,cuisine_cn,region_china_northeast,cat_main_dish,subcat_cn_northeast_stew,diet_vegetarian,meal_lunch,True
dish_cndb_ext_027,雪衣豆沙,cuisine_cn,region_china_northeast,cat_main_dish,subcat_cn_northeast_stew,diet_meat,meal_lunch,True
dish_cndb_ext_028,韭菜盒子,cuisine_cn,region_china_northeast,cat_main_dish,subcat_cn_northeast_stew,diet_meat,meal_lunch,True
dish_lu_yipin_tofu,一品豆腐,cuisine_cn,region_china_shandong,cat_main_dish,subcat_cn_lu_main,diet_mixed,meal_lunch,True
dish_cnsd_ext_007,奶汤白菜,cuisine_cn,region_china_shandong,cat_main_dish,subcat_cn_lu_main,diet_vegetarian,meal_lunch,True
dish_cnsd_ext_001,奶汤蒲菜,cuisine_cn,region_china_shandong,cat_main_dish,subcat_cn_lu_main,diet_meat,meal_lunch,True
dish_dezhou_braised_chicken_rice,德州扒鸡饭,cuisine_cn,region_china_shandong,cat_main_dish,subcat_cn_lu_main,diet_meat,meal_lunch,True
dish_cnsd_ext_024,扒肘子,cuisine_cn,region_china_shandong,cat_main_dish,subcat_cn_lu_main,diet_meat,meal_lunch,True
dish_cnsd_ext_011,木须肉山东版,cuisine_cn,region_china_shandong,cat_main_dish,subcat_cn_lu_main,diet_meat,meal_lunch,True
dish_cnsd_ext_009,温拌腰丝,cuisine_cn,region_china_shandong,cat_main_dish,subcat_cn_lu_main,diet_meat,meal_lunch,True
dish_cnsd_ext_006,溜黄菜,cuisine_cn,region_china_shandong,cat_main_dish,subcat_cn_lu_main,diet_meat,meal_lunch,True
dish_cnsd_ext_002,炸八块,cuisine_cn,region_china_shandong,cat_main_dish,subcat_cn_lu_main,diet_meat,meal_lunch,True
dish_cnsd_ext_025,烧二冬,cuisine_cn,region_china_shandong,cat_main_dish,subcat_cn_lu_main,diet_meat,meal_lunch,True
dish_cnsd_ext_004,爆三样,cuisine_cn,region_china_shandong,cat_main_dish,subcat_cn_lu_main,diet_meat,meal_lunch,True
dish_sweet_sour_tenderloin_rice,糖醋里脊饭,cuisine_cn,region_china_shandong,cat_main_dish,subcat_cn_lu_main,diet_meat,meal_lunch,True
dish_cnsd_ext_023,糟熘鸡片,cuisine_cn,region_china_shandong,cat_main_dish,subcat_cn_lu_main,diet_meat,meal_lunch,True
dish_cnsd_ext_010,诗礼银杏,cuisine_cn,region_china_shandong,cat_main_dish,subcat_cn_lu_main,diet_vegetarian,meal_lunch,True
dish_cnsd_ext_005,软炸里脊,cuisine_cn,region_china_shandong,cat_main_dish,subcat_cn_lu_main,diet_meat,meal_lunch,True
dish_lu_pan_fried_tofu,锅塌豆腐,cuisine_cn,region_china_shandong,cat_main_dish,subcat_cn_lu_main,diet_vegetarian,meal_lunch,True
dish_cnsd_ext_026,锅烧鸡,cuisine_cn,region_china_shandong,cat_main_dish,subcat_cn_lu_main,diet_meat,meal_lunch,True
dish_cnsd_ext_003,黄焖鸡块,cuisine_cn,region_china_shandong,cat_main_dish,subcat_cn_lu_main,diet_meat,meal_lunch,True
dish_cnsd_ext_014,乌鱼蛋汤,cuisine_cn,region_china_shandong,cat_main_dish,subcat_cn_lu_seafood,diet_seafood,meal_lunch,True
dish_cnsd_ext_017,扒原壳鲍鱼,cuisine_cn,region_china_shandong,cat_main_dish,subcat_cn_lu_seafood,diet_seafood,meal_lunch,True
dish_cnsd_ext_028,油爆双脆,cuisine_cn,region_china_shandong,cat_main_dish,subcat_cn_lu_seafood,diet_meat,meal_lunch,True
dish_cnsd_ext_015,油爆海螺,cuisine_cn,region_china_shandong,cat_main_dish,subcat_cn_lu_seafood,diet_seafood,meal_lunch,True
dish_cnsd_ext_027,清汤全家福,cuisine_cn,region_china_shandong,cat_main_dish,subcat_cn_lu_seafood,diet_meat,meal_lunch,True
dish_cnsd_ext_020,清蒸海鲈,cuisine_cn,region_china_shandong,cat_main_dish,subcat_cn_lu_seafood,diet_meat,meal_lunch,True
dish_cnsd_ext_016,炒海肠,cuisine_cn,region_china_shandong,cat_main_dish,subcat_cn_lu_seafood,diet_meat,meal_lunch,True
dish_cnsd_ext_012,糖醋黄河鲤鱼,cuisine_cn,region_china_shandong,cat_main_dish,subcat_cn_lu_seafood,diet_seafood,meal_lunch,True
dish_cnsd_ext_022,芙蓉虾片,cuisine_cn,region_china_shandong,cat_main_dish,subcat_cn_lu_seafood,diet_seafood,meal_lunch,True
dish_cnsd_ext_013,葱椒鱼片,cuisine_cn,region_china_shandong,cat_main_dish,subcat_cn_lu_seafood,diet_seafood,meal_lunch,True
dish_cnsd_ext_021,虾仁蒸蛋,cuisine_cn,region_china_shandong,cat_main_dish,subcat_cn_lu_seafood,diet_seafood,meal_lunch,True
dish_cnsd_ext_019,醋椒鱼,cuisine_cn,region_china_shandong,cat_main_dish,subcat_cn_lu_seafood,diet_seafood,meal_lunch,True
dish_cnsd_ext_018,鲅鱼水饺,cuisine_cn,region_china_shandong,cat_main_dish,subcat_cn_lu_seafood,diet_seafood,meal_lunch,True
dish_cnsc_ext_008,仔姜牛肉,cuisine_cn,region_china_sichuan,cat_main_dish,subcat_cn_sichuan_meat,diet_meat,meal_lunch,True
dish_cnsc_ext_001,口水鸡,cuisine_cn,region_china_sichuan,cat_main_dish,subcat_cn_sichuan_meat,diet_meat,meal_lunch,True
dish_twice_cooked_pork_rice,回锅肉饭,cuisine_cn,region_china_sichuan,cat_main_dish,subcat_cn_sichuan_meat,diet_meat,meal_lunch,True
dish_cnsc_ext_005,夫妻肺片,cuisine_cn,region_china_sichuan,cat_main_dish,subcat_cn_sichuan_meat,diet_meat,meal_lunch,True
dish_kungpao_chicken_rice,宫保鸡丁饭,cuisine_cn,region_china_sichuan,cat_main_dish,subcat_cn_sichuan_meat,diet_meat,meal_lunch,True
dish_cnsc_ext_010,干锅肥肠,cuisine_cn,region_china_sichuan,cat_main_dish,subcat_cn_sichuan_meat,diet_meat,meal_lunch,True
dish_cnsc_ext_006,樟茶鸭,cuisine_cn,region_china_sichuan,cat_main_dish,subcat_cn_sichuan_meat,diet_meat,meal_lunch,True
dish_cnsc_ext_002,毛血旺,cuisine_cn,region_china_sichuan,cat_main_dish,subcat_cn_sichuan_meat,diet_meat,meal_lunch,True
dish_boiled_beef_rice,水煮牛肉饭,cuisine_cn,region_china_sichuan,cat_main_dish,subcat_cn_sichuan_meat,diet_meat,meal_lunch,True
dish_cnsc_ext_004,泡椒牛蛙,cuisine_cn,region_china_sichuan,cat_main_dish,subcat_cn_sichuan_meat,diet_meat,meal_lunch,True
dish_cnsc_ext_011,泡椒鸡杂,cuisine_cn,region_china_sichuan,cat_main_dish,subcat_cn_sichuan_meat,diet_meat,meal_lunch,True
dish_cnsc_ext_007,甜皮鸭,cuisine_cn,region_china_sichuan,cat_main_dish,subcat_cn_sichuan_meat,diet_meat,meal_lunch,True
dish_cnsc_ext_009,粉蒸牛肉,cuisine_cn,region_china_sichuan,cat_main_dish,subcat_cn_sichuan_meat,diet_meat,meal_lunch,True
dish_laziji_rice,辣子鸡饭,cuisine_cn,region_china_sichuan,cat_main_dish,subcat_cn_sichuan_meat,diet_meat,meal_lunch,True
dish_cnsc_ext_012,香辣兔丁,cuisine_cn,region_china_sichuan,cat_main_dish,subcat_cn_sichuan_meat,diet_meat,meal_lunch,True
dish_cnsc_ext_003,麻辣香锅,cuisine_cn,region_china_sichuan,cat_main_dish,subcat_cn_sichuan_meat,diet_meat,meal_lunch,True
dish_dandan_noodle,担担面,cuisine_cn,region_china_sichuan,cat_snack,subcat_cn_sichuan_snack,diet_mixed,meal_lunch,True
dish_chili_wonton,红油抄手,cuisine_cn,region_china_sichuan,cat_snack,subcat_cn_sichuan_snack,diet_mixed,meal_lunch,True
dish_zhong_dumpling,钟水饺,cuisine_cn,region_china_sichuan,cat_snack,subcat_cn_sichuan_snack,diet_mixed,meal_lunch,True
dish_cnsc_ext_015,凉拌木耳,cuisine_cn,region_china_sichuan,cat_main_dish,subcat_cn_sichuan_vegetable,diet_vegetarian,meal_lunch,True
dish_cnsc_ext_013,干锅花菜,cuisine_cn,region_china_sichuan,cat_main_dish,subcat_cn_sichuan_vegetable,diet_vegetarian,meal_lunch,True
dish_cnsc_ext_019,炝拌土豆丝,cuisine_cn,region_china_sichuan,cat_main_dish,subcat_cn_sichuan_vegetable,diet_vegetarian,meal_lunch,True
dish_spicy_cabbage_rice,炝炒包菜饭,cuisine_cn,region_china_sichuan,cat_main_dish,subcat_cn_sichuan_vegetable,diet_vegetarian,meal_lunch,True
dish_cnsc_ext_017,蒜蓉空心菜,cuisine_cn,region_china_sichuan,cat_main_dish,subcat_cn_sichuan_vegetable,diet_vegetarian,meal_lunch,True
dish_cnsc_ext_016,虎皮青椒,cuisine_cn,region_china_sichuan,cat_main_dish,subcat_cn_sichuan_vegetable,diet_meat,meal_lunch,True
dish_cnsc_ext_018,豆瓣圆白菜,cuisine_cn,region_china_sichuan,cat_main_dish,subcat_cn_sichuan_vegetable,diet_vegetarian,meal_lunch,True
dish_hot_sour_potato_rice,酸辣土豆丝饭,cuisine_cn,region_china_sichuan,cat_main_dish,subcat_cn_sichuan_vegetable,diet_vegetarian,meal_lunch,True
dish_cnsc_ext_020,酸辣白菜,cuisine_cn,region_china_sichuan,cat_main_dish,subcat_cn_sichuan_vegetable,diet_vegetarian,meal_lunch,True
dish_cnsc_ext_014,麻辣豆腐,cuisine_cn,region_china_sichuan,cat_main_dish,subcat_cn_sichuan_vegetable,diet_vegetarian,meal_lunch,True
dish_cumin_lamb_rice,孜然羊肉饭,cuisine_cn,region_china_xinjiang,cat_main_dish,subcat_cn_xinjiang_grill,diet_meat,meal_lunch,True
dish_cnxj_ext_003,手抓羊肉,cuisine_cn,region_china_xinjiang,cat_main_dish,subcat_cn_xinjiang_grill,diet_meat,meal_lunch,True
dish_cnxj_ext_015,手抓肉拼盘,cuisine_cn,region_china_xinjiang,cat_main_dish,subcat_cn_xinjiang_grill,diet_meat,meal_lunch,True
dish_cnxj_ext_005,椒麻鸡,cuisine_cn,region_china_xinjiang,cat_main_dish,subcat_cn_xinjiang_grill,diet_meat,meal_lunch,True
dish_cnxj_ext_010,炒烤肉拌饭,cuisine_cn,region_china_xinjiang,cat_main_dish,subcat_cn_xinjiang_grill,diet_meat,meal_lunch,True
dish_cnxj_ext_009,烤牛肉串套餐,cuisine_cn,region_china_xinjiang,cat_main_dish,subcat_cn_xinjiang_grill,diet_meat,meal_lunch,True
dish_cnxj_ext_004,烤羊排,cuisine_cn,region_china_xinjiang,cat_main_dish,subcat_cn_xinjiang_grill,diet_meat,meal_lunch,True
dish_cnxj_ext_014,烤羊腿,cuisine_cn,region_china_xinjiang,cat_main_dish,subcat_cn_xinjiang_grill,diet_meat,meal_lunch,True
dish_cnxj_ext_013,烤鱼块,cuisine_cn,region_china_xinjiang,cat_main_dish,subcat_cn_xinjiang_grill,diet_seafood,meal_lunch,True
dish_cnxj_ext_008,皮牙子炒羊肉,cuisine_cn,region_china_xinjiang,cat_main_dish,subcat_cn_xinjiang_grill,diet_meat,meal_lunch,True
dish_cnxj_ext_006,胡辣羊蹄,cuisine_cn,region_china_xinjiang,cat_main_dish,subcat_cn_xinjiang_grill,diet_meat,meal_lunch,True
dish_cnxj_ext_012,馕丁炒鸡,cuisine_cn,region_china_xinjiang,cat_main_dish,subcat_cn_xinjiang_grill,diet_meat,meal_lunch,True
dish_cnxj_ext_007,馕坑肉,cuisine_cn,region_china_xinjiang,cat_main_dish,subcat_cn_xinjiang_grill,diet_meat,meal_lunch,True
dish_cnxj_ext_017,丁丁炒面,cuisine_cn,region_china_xinjiang,cat_staple,subcat_cn_xinjiang_staple,diet_meat,meal_lunch,True
dish_cnxj_ext_025,丸子汤,cuisine_cn,region_china_xinjiang,cat_staple,subcat_cn_xinjiang_staple,diet_meat,meal_lunch,True
dish_cnxj_ext_029,奶皮子馕,cuisine_cn,region_china_xinjiang,cat_staple,subcat_cn_xinjiang_staple,diet_meat,meal_lunch,True
dish_cnxj_ext_026,手工拉条子,cuisine_cn,region_china_xinjiang,cat_staple,subcat_cn_xinjiang_staple,diet_meat,meal_lunch,True
dish_xinjiang_pilaf,新疆抓饭,cuisine_cn,region_china_xinjiang,cat_staple,subcat_cn_xinjiang_staple,diet_meat,meal_lunch,True
dish_cnxj_ext_016,新疆拌面,cuisine_cn,region_china_xinjiang,cat_staple,subcat_cn_xinjiang_staple,diet_meat,meal_lunch,True
dish_cnxj_ext_030,炒拨拉,cuisine_cn,region_china_xinjiang,cat_staple,subcat_cn_xinjiang_staple,diet_meat,meal_lunch,True
dish_cnxj_ext_020,炒米粉,cuisine_cn,region_china_xinjiang,cat_staple,subcat_cn_xinjiang_staple,diet_meat,meal_lunch,True
dish_cnxj_ext_027,牛肉拌面,cuisine_cn,region_china_xinjiang,cat_staple,subcat_cn_xinjiang_staple,diet_meat,meal_lunch,True
dish_cnxj_ext_023,碎肉抓饭,cuisine_cn,region_china_xinjiang,cat_staple,subcat_cn_xinjiang_staple,diet_meat,meal_lunch,True
dish_cnxj_ext_019,米肠子,cuisine_cn,region_china_xinjiang,cat_staple,subcat_cn_xinjiang_staple,diet_meat,meal_lunch,True
dish_cnxj_ext_024,辣皮子拌面,cuisine_cn,region_china_xinjiang,cat_staple,subcat_cn_xinjiang_staple,diet_meat,meal_lunch,True
dish_oily_noodle_beef,过油肉拌面,cuisine_cn,region_china_xinjiang,cat_staple,subcat_cn_xinjiang_staple,diet_meat,meal_lunch,True
dish_cnxj_ext_022,过油肉盖饭,cuisine_cn,region_china_xinjiang,cat_staple,subcat_cn_xinjiang_staple,diet_meat,meal_lunch,True
dish_cnxj_ext_018,面肺子,cuisine_cn,region_china_xinjiang,cat_staple,subcat_cn_xinjiang_staple,diet_meat,meal_lunch,True
dish_cnxj_ext_021,黄面烤肉,cuisine_cn,region_china_xinjiang,cat_staple,subcat_cn_xinjiang_staple,diet_meat,meal_lunch,True
dish_miso_ramen,味噌拉面,cuisine_jp,region_japan,cat_staple,subcat_jp_noodle,diet_mixed,meal_lunch,True
dish_curry_udon,咖喱乌冬,cuisine_jp,region_japan,cat_staple,subcat_jp_noodle,diet_mixed,meal_lunch,True
dish_oyakodon,亲子丼,cuisine_jp,region_japan,cat_staple,subcat_jp_rice,diet_meat,meal_lunch,True
dish_omurice_curry,咖喱蛋包饭,cuisine_jp,region_japan,cat_staple,subcat_jp_rice,diet_mixed,meal_lunch,True
dish_teriyaki_chicken_rice,照烧鸡腿饭,cuisine_jp,region_japan,cat_staple,subcat_jp_rice,diet_meat,meal_lunch,True
dish_gyudon,牛丼饭,cuisine_jp,region_japan,cat_staple,subcat_jp_rice,diet_meat,meal_lunch,True
dish_tofu_bento,素食豆腐便当,cuisine_jp,region_japan,cat_main_dish,subcat_jp_small_plate,diet_vegetarian,meal_lunch,True
dish_salmon_poke_bowl,三文鱼波奇饭,cuisine_jp,region_japan,cat_salad,subcat_light_bowl,diet_seafood,meal_lunch,True
dish_bibimbap,石锅拌饭,cuisine_kr,region_korea,cat_main_dish,subcat_kr_main,diet_mixed,meal_lunch,True
dish_spicy_pork_rice,辣炒猪肉饭,cuisine_kr,region_korea,cat_main_dish,subcat_kr_main,diet_meat,meal_lunch,True
dish_kimchi_fried_rice,泡菜炒饭,cuisine_kr,region_korea,cat_snack,subcat_kr_snack,diet_mixed,meal_lunch,True
dish_gimbap,紫菜包饭,cuisine_kr,region_korea,cat_snack,subcat_kr_snack,diet_mixed,meal_lunch,True
dish_cheese_ramen,芝士拉面,cuisine_kr,region_korea,cat_snack,subcat_kr_snack,diet_mixed,meal_lunch,True
dish_tuna_quinoa_bowl,金枪鱼藜麦碗,cuisine_light,region_global,cat_salad,subcat_light_bowl,diet_seafood,meal_lunch,True
dish_chicken_rice_bowl,鸡胸糙米碗,cuisine_light,region_global,cat_salad,subcat_light_bowl,diet_meat,meal_lunch,True
dish_salmon_protein_box,三文鱼蛋白盒,cuisine_light,region_global,cat_main_dish,subcat_light_protein,diet_seafood,meal_lunch,True
dish_chicken_protein_box,水煮鸡胸蔬菜盒,cuisine_light,region_global,cat_main_dish,subcat_light_protein,diet_meat,meal_lunch,True
dish_chicken_caesar_salad,凯撒鸡肉沙拉,cuisine_light,region_global,cat_salad,subcat_light_salad,diet_meat,meal_lunch,True
dish_shrimp_avocado_salad,虾仁牛油果沙拉,cuisine_light,region_global,cat_salad,subcat_light_salad,diet_seafood,meal_lunch,True
dish_tofu_veggie_salad,豆腐蔬菜沙拉,cuisine_light,region_global,cat_salad,subcat_light_salad,diet_vegetarian,meal_lunch,True
dish_tuna_salad,金枪鱼沙拉,cuisine_light,region_global,cat_salad,subcat_light_salad,diet_seafood,meal_lunch,True
dish_basil_beef_rice,泰式罗勒牛肉饭,cuisine_sea,region_southeast_asia,cat_main_dish,subcat_sea_main,diet_meat,meal_lunch,True
dish_shrimp_fried_rice_sea,泰式虾仁炒饭,cuisine_sea,region_southeast_asia,cat_main_dish,subcat_sea_main,diet_seafood,meal_lunch,True
dish_hainan_chicken_rice,海南鸡饭,cuisine_sea,region_southeast_asia,cat_main_dish,subcat_sea_main,diet_meat,meal_lunch,True
dish_vietnamese_chicken_rice,越式鸡肉饭,cuisine_sea,region_southeast_asia,cat_main_dish,subcat_sea_main,diet_meat,meal_lunch,True
dish_tom_yum_noodle,冬阴功米线,cuisine_sea,region_southeast_asia,cat_staple,subcat_sea_noodle,diet_seafood,meal_lunch,True
dish_coconut_curry_noodle,椰香咖喱米线,cuisine_sea,region_southeast_asia,cat_staple,subcat_sea_noodle,diet_mixed,meal_lunch,True
dish_pad_thai,泰式炒河粉,cuisine_sea,region_southeast_asia,cat_staple,subcat_sea_noodle,diet_seafood,meal_lunch,True
dish_pho_beef,越南牛肉粉,cuisine_sea,region_southeast_asia,cat_staple,subcat_sea_noodle,diet_meat,meal_lunch,True
dish_baked_chicken_rice,焗烤鸡肉饭,cuisine_west,region_europe_america,cat_staple,subcat_west_pasta,diet_mixed,meal_lunch,True
dish_bolognese_pasta,番茄肉酱意面,cuisine_west,region_europe_america,cat_staple,subcat_west_pasta,diet_meat,meal_lunch,True
dish_shrimp_tofu_pot,虾仁豆腐煲,cuisine_cn,region_china,cat_main_dish,subcat_cn_home_meat,diet_seafood,meal_dinner,True
dish_peking_duck_set,北京烤鸭卷套餐,cuisine_cn,region_china_beijing,cat_main_dish,subcat_cn_beijing_main,diet_meat,meal_dinner,True
dish_chicken_mushroom_stew_rice,小鸡炖蘑菇饭,cuisine_cn,region_china_northeast,cat_main_dish,subcat_cn_northeast_meat,diet_meat,meal_dinner,True
dish_northeast_stew,东北乱炖,cuisine_cn,region_china_northeast,cat_main_dish,subcat_cn_northeast_stew,diet_mixed,meal_dinner,True
dish_pork_vermicelli,猪肉炖粉条,cuisine_cn,region_china_northeast,cat_main_dish,subcat_cn_northeast_stew,diet_meat,meal_dinner,True
dish_lu_jiuzhuan_intestine,九转大肠,cuisine_cn,region_china_shandong,cat_main_dish,subcat_cn_lu_main,diet_meat,meal_dinner,True
dish_lu_kidney_stirfry,爆炒腰花,cuisine_cn,region_china_shandong,cat_main_dish,subcat_cn_lu_main,diet_meat,meal_dinner,True
dish_lu_scallion_tendon,葱烧蹄筋,cuisine_cn,region_china_shandong,cat_main_dish,subcat_cn_lu_main,diet_meat,meal_dinner,True
dish_lu_braised_prawn,油焖大虾,cuisine_cn,region_china_shandong,cat_main_dish,subcat_cn_lu_seafood,diet_seafood,meal_dinner,True
dish_cnsd_ext_030,海米扒白菜,cuisine_cn,region_china_shandong,cat_main_dish,subcat_cn_lu_seafood,diet_seafood,meal_dinner,True
dish_lu_fried_oyster,炸蛎黄,cuisine_cn,region_china_shandong,cat_main_dish,subcat_cn_lu_seafood,diet_seafood,meal_dinner,True
dish_sweet_sour_carp_set,糖醋鲤鱼套餐,cuisine_cn,region_china_shandong,cat_main_dish,subcat_cn_lu_seafood,diet_seafood,meal_dinner,True
dish_lu_sweet_sour_fish_slice,糟溜鱼片,cuisine_cn,region_china_shandong,cat_main_dish,subcat_cn_lu_seafood,diet_seafood,meal_dinner,True
dish_scallion_sea_cucumber,葱烧海参,cuisine_cn,region_china_shandong,cat_main_dish,subcat_cn_lu_seafood,diet_seafood,meal_dinner,True
dish_cnsd_ext_029,鲁式熘虾仁,cuisine_cn,region_china_shandong,cat_main_dish,subcat_cn_lu_seafood,diet_seafood,meal_dinner,True
dish_boiled_fish_rice,水煮鱼饭,cuisine_cn,region_china_sichuan,cat_main_dish,subcat_cn_sichuan_meat,diet_seafood,meal_dinner,True
dish_pickled_fish_rice,酸菜鱼饭,cuisine_cn,region_china_sichuan,cat_main_dish,subcat_cn_sichuan_meat,diet_seafood,meal_dinner,True
dish_dryfried_beans_rice,干煸四季豆饭,cuisine_cn,region_china_sichuan,cat_main_dish,subcat_cn_sichuan_vegetable,diet_vegetarian,meal_dinner,True
dish_yuxiang_eggplant_rice,鱼香茄子饭,cuisine_cn,region_china_sichuan,cat_main_dish,subcat_cn_sichuan_vegetable,diet_mixed,meal_dinner,True
dish_mapo_tofu_rice,麻婆豆腐饭,cuisine_cn,region_china_sichuan,cat_main_dish,subcat_cn_sichuan_vegetable,diet_mixed,meal_dinner,True
dish_big_plate_chicken,大盘鸡,cuisine_cn,region_china_xinjiang,cat_main_dish,subcat_cn_xinjiang_grill,diet_meat,meal_dinner,True
dish_lamb_skewer_set,烤羊肉串套餐,cuisine_cn,region_china_xinjiang,cat_main_dish,subcat_cn_xinjiang_grill,diet_meat,meal_dinner,True
dish_beef_udon,牛肉乌冬面,cuisine_jp,region_japan,cat_staple,subcat_jp_noodle,diet_meat,meal_dinner,True
dish_tonkotsu_ramen,豚骨拉面,cuisine_jp,region_japan,cat_staple,subcat_jp_noodle,diet_meat,meal_dinner,True
dish_sukiyaki_rice,寿喜锅饭,cuisine_jp,region_japan,cat_main_dish,subcat_jp_small_plate,diet_meat,meal_dinner,True
dish_grilled_fish_set,盐烤鱼定食,cuisine_jp,region_japan,cat_main_dish,subcat_jp_small_plate,diet_seafood,meal_dinner,True
dish_tofu_hamburg_set,豆腐汉堡排定食,cuisine_jp,region_japan,cat_main_dish,subcat_jp_small_plate,diet_mixed,meal_dinner,True
dish_kimchi_beef_pot,泡菜肥牛锅,cuisine_kr,region_korea,cat_main_dish,subcat_kr_main,diet_meat,meal_dinner,True
dish_korean_fried_chicken_rice,韩式炸鸡饭,cuisine_kr,region_korea,cat_main_dish,subcat_kr_main,diet_meat,meal_dinner,True
dish_budae_jjigae,韩式部队锅,cuisine_kr,region_korea,cat_main_dish,subcat_kr_main,diet_meat,meal_dinner,True
dish_tteokbokki,辣炒年糕,cuisine_kr,region_korea,cat_snack,subcat_kr_snack,diet_vegetarian,meal_dinner,True
dish_quinoa_veggie_bowl,藜麦烤蔬菜碗,cuisine_light,region_global,cat_salad,subcat_light_bowl,diet_vegetarian,meal_dinner,True
dish_shrimp_protein_box,虾仁蛋白盒,cuisine_light,region_global,cat_main_dish,subcat_light_protein,diet_seafood,meal_dinner,True
dish_panfried_chicken_pumpkin,香煎鸡胸配南瓜,cuisine_light,region_global,cat_main_dish,subcat_light_protein,diet_meat,meal_dinner,True
dish_green_curry_chicken,泰式绿咖喱鸡,cuisine_sea,region_southeast_asia,cat_main_dish,subcat_sea_main,diet_meat,meal_dinner,True
dish_laksa_seafood,叻沙海鲜面,cuisine_sea,region_southeast_asia,cat_staple,subcat_sea_noodle,diet_seafood,meal_dinner,True
dish_salmon_veggie_plate,煎三文鱼配蔬菜,cuisine_west,region_europe_america,cat_main_dish,subcat_west_main,diet_seafood,meal_dinner,True
dish_steak_veggies,牛排配蔬菜,cuisine_west,region_europe_america,cat_main_dish,subcat_west_main,diet_meat,meal_dinner,True
dish_herb_roast_chicken,香草烤鸡,cuisine_west,region_europe_america,cat_main_dish,subcat_west_main,diet_meat,meal_dinner,True
dish_black_pepper_beef,黑椒牛排配土豆,cuisine_west,region_europe_america,cat_main_dish,subcat_west_main,diet_meat,meal_dinner,True
dish_seafood_pasta,海鲜意面,cuisine_west,region_europe_america,cat_staple,subcat_west_pasta,diet_seafood,meal_dinner,True
dish_mushroom_cream_pasta,菌菇奶油意面,cuisine_west,region_europe_america,cat_staple,subcat_west_pasta,diet_vegetarian,meal_dinner,True
dish_jp_ext_001,炸猪排丼,cuisine_jp,region_japan,cat_staple,subcat_jp_rice,diet_meat,meal_lunch,True
dish_jp_ext_002,鳗鱼饭,cuisine_jp,region_japan,cat_staple,subcat_jp_rice,diet_seafood,meal_lunch,True
dish_jp_ext_003,天妇罗丼,cuisine_jp,region_japan,cat_staple,subcat_jp_rice,diet_seafood,meal_lunch,True
dish_jp_ext_004,照烧三文鱼饭,cuisine_jp,region_japan,cat_staple,subcat_jp_rice,diet_seafood,meal_lunch,True
dish_jp_ext_005,日式咖喱猪排饭,cuisine_jp,region_japan,cat_staple,subcat_jp_rice,diet_meat,meal_lunch,True
dish_jp_ext_006,盐烤鲭鱼饭,cuisine_jp,region_japan,cat_staple,subcat_jp_rice,diet_seafood,meal_lunch,True
dish_jp_ext_007,酱油拉面,cuisine_jp,region_japan,cat_staple,subcat_jp_noodle,diet_meat,meal_lunch,True
dish_jp_ext_008,天妇罗乌冬,cuisine_jp,region_japan,cat_staple,subcat_jp_noodle,diet_seafood,meal_lunch,True
dish_jp_ext_009,冷荞麦面,cuisine_jp,region_japan,cat_staple,subcat_jp_noodle,diet_vegetarian,meal_lunch,True
dish_jp_ext_010,肉汤荞麦面,cuisine_jp,region_japan,cat_staple,subcat_jp_noodle,diet_meat,meal_lunch,True
dish_jp_ext_011,日式沾面,cuisine_jp,region_japan,cat_staple,subcat_jp_noodle,diet_meat,meal_lunch,True
dish_jp_ext_012,狐狸乌冬,cuisine_jp,region_japan,cat_staple,subcat_jp_noodle,diet_vegetarian,meal_lunch,True
dish_jp_ext_013,炸鸡块定食,cuisine_jp,region_japan,cat_main_dish,subcat_jp_small_plate,diet_meat,meal_lunch,True
dish_jp_ext_014,炸猪排定食,cuisine_jp,region_japan,cat_main_dish,subcat_jp_small_plate,diet_meat,meal_lunch,True
dish_jp_ext_015,姜烧猪肉定食,cuisine_jp,region_japan,cat_main_dish,subcat_jp_small_plate,diet_meat,meal_lunch,True
dish_jp_ext_016,南蛮鸡定食,cuisine_jp,region_japan,cat_main_dish,subcat_jp_small_plate,diet_meat,meal_lunch,True
dish_jp_ext_017,鲭鱼味噌煮定食,cuisine_jp,region_japan,cat_main_dish,subcat_jp_small_plate,diet_seafood,meal_lunch,True
dish_jp_ext_018,可乐饼套餐,cuisine_jp,region_japan,cat_main_dish,subcat_jp_small_plate,diet_meat,meal_lunch,True
dish_kr_ext_001,韩式烤牛肉饭,cuisine_kr,region_korea,cat_main_dish,subcat_kr_main,diet_meat,meal_lunch,True
dish_kr_ext_002,韩式嫩豆腐锅,cuisine_kr,region_korea,cat_main_dish,subcat_kr_main,diet_vegetarian,meal_lunch,True
dish_kr_ext_003,春川辣炒鸡饭,cuisine_kr,region_korea,cat_main_dish,subcat_kr_main,diet_meat,meal_lunch,True
dish_kr_ext_004,韩式参鸡汤,cuisine_kr,region_korea,cat_main_dish,subcat_kr_main,diet_meat,meal_dinner,True
dish_kr_ext_005,韩式牛排骨汤,cuisine_kr,region_korea,cat_main_dish,subcat_kr_main,diet_meat,meal_dinner,True
dish_kr_ext_006,泡菜豆腐锅,cuisine_kr,region_korea,cat_main_dish,subcat_kr_main,diet_vegetarian,meal_lunch,True
dish_kr_ext_007,韩式海鲜煎饼,cuisine_kr,region_korea,cat_snack,subcat_kr_snack,diet_seafood,meal_lunch,True
dish_kr_ext_008,韩式煎饺,cuisine_kr,region_korea,cat_snack,subcat_kr_snack,diet_meat,meal_lunch,True
dish_kr_ext_009,鱼饼汤,cuisine_kr,region_korea,cat_snack,subcat_kr_snack,diet_seafood,meal_lunch,True
dish_kr_ext_010,韩式杂菜,cuisine_kr,region_korea,cat_snack,subcat_kr_snack,diet_vegetarian,meal_lunch,True
dish_kr_ext_011,糖饼,cuisine_kr,region_korea,cat_snack,subcat_kr_snack,diet_vegetarian,meal_breakfast,True
dish_kr_ext_012,炸紫菜卷,cuisine_kr,region_korea,cat_snack,subcat_kr_snack,diet_vegetarian,meal_lunch,True
dish_sea_ext_001,马来椰浆饭,cuisine_sea,region_southeast_asia,cat_main_dish,subcat_sea_main,diet_meat,meal_lunch,True
dish_sea_ext_002,印尼仁当牛肉饭,cuisine_sea,region_southeast_asia,cat_main_dish,subcat_sea_main,diet_meat,meal_lunch,True
dish_sea_ext_003,马来咖喱鸡饭,cuisine_sea,region_southeast_asia,cat_main_dish,subcat_sea_main,diet_meat,meal_lunch,True
dish_sea_ext_004,泰式菠萝炒饭,cuisine_sea,region_southeast_asia,cat_main_dish,subcat_sea_main,diet_seafood,meal_lunch,True
dish_sea_ext_005,越式香茅猪排饭,cuisine_sea,region_southeast_asia,cat_main_dish,subcat_sea_main,diet_meat,meal_lunch,True
dish_sea_ext_006,印尼炒饭,cuisine_sea,region_southeast_asia,cat_main_dish,subcat_sea_main,diet_meat,meal_lunch,True
dish_sea_ext_007,马来炒面,cuisine_sea,region_southeast_asia,cat_staple,subcat_sea_noodle,diet_seafood,meal_lunch,True
dish_sea_ext_008,炒粿条,cuisine_sea,region_southeast_asia,cat_staple,subcat_sea_noodle,diet_seafood,meal_lunch,True
dish_sea_ext_009,泰式炒宽粉,cuisine_sea,region_southeast_asia,cat_staple,subcat_sea_noodle,diet_seafood,meal_lunch,True
dish_sea_ext_010,顺化牛肉粉,cuisine_sea,region_southeast_asia,cat_staple,subcat_sea_noodle,diet_meat,meal_lunch,True
dish_sea_ext_011,越式凉拌檬粉,cuisine_sea,region_southeast_asia,cat_staple,subcat_sea_noodle,diet_seafood,meal_lunch,True
dish_sea_ext_012,新加坡咖喱米粉,cuisine_sea,region_southeast_asia,cat_staple,subcat_sea_noodle,diet_seafood,meal_lunch,True
dish_west_ext_001,蒜香黄油虾配时蔬,cuisine_west,region_europe_america,cat_main_dish,subcat_west_main,diet_seafood,meal_dinner,True
dish_west_ext_002,烤猪排配土豆泥,cuisine_west,region_europe_america,cat_main_dish,subcat_west_main,diet_meat,meal_dinner,True
dish_west_ext_003,炸鱼薯条,cuisine_west,region_europe_america,cat_main_dish,subcat_west_main,diet_seafood,meal_lunch,True
dish_west_ext_004,烤牛肉配胡萝卜,cuisine_west,region_europe_america,cat_main_dish,subcat_west_main,diet_meat,meal_dinner,True
dish_west_ext_005,迷迭香烤羊排,cuisine_west,region_europe_america,cat_main_dish,subcat_west_main,diet_meat,meal_dinner,True
dish_west_ext_006,香煎鸡腿排,cuisine_west,region_europe_america,cat_main_dish,subcat_west_main,diet_meat,meal_lunch,True
dish_west_ext_007,卡邦尼意面,cuisine_west,region_europe_america,cat_staple,subcat_west_pasta,diet_meat,meal_lunch,True
dish_west_ext_008,青酱鸡肉意面,cuisine_west,region_europe_america,cat_staple,subcat_west_pasta,diet_meat,meal_lunch,True
dish_west_ext_009,蒜香橄榄油意面,cuisine_west,region_europe_america,cat_staple,subcat_west_pasta,diet_vegetarian,meal_lunch,True
dish_west_ext_010,奶油火腿意面,cuisine_west,region_europe_america,cat_staple,subcat_west_pasta,diet_meat,meal_lunch,True
dish_west_ext_011,海鲜烩饭,cuisine_west,region_europe_america,cat_staple,subcat_west_pasta,diet_seafood,meal_lunch,True
dish_west_ext_012,菌菇烩饭,cuisine_west,region_europe_america,cat_staple,subcat_west_pasta,diet_vegetarian,meal_lunch,True
dish_west_ext_013,法式吐司早餐盘,cuisine_west,region_europe_america,cat_staple,subcat_west_brunch,diet_vegetarian,meal_breakfast,True
dish_west_ext_014,贝果烟熏三文鱼,cuisine_west,region_europe_america,cat_staple,subcat_west_brunch,diet_seafood,meal_breakfast,True
dish_west_ext_015,华夫饼鸡蛋盘,cuisine_west,region_europe_america,cat_staple,subcat_west_brunch,diet_meat,meal_breakfast,True
dish_west_ext_016,酸奶水果麦片杯,cuisine_west,region_europe_america,cat_staple,subcat_west_brunch,diet_vegetarian,meal_breakfast,True
dish_west_ext_017,早餐卷饼,cuisine_west,region_europe_america,cat_staple,subcat_west_brunch,diet_meat,meal_breakfast,True
dish_west_ext_018,鸡肉牛油果贝果,cuisine_west,region_europe_america,cat_staple,subcat_west_brunch,diet_meat,meal_breakfast,True
dish_light_ext_001,希腊鸡肉沙拉,cuisine_light,region_global,cat_salad,subcat_light_salad,diet_meat,meal_lunch,True
dish_light_ext_002,烤牛肉蔬菜沙拉,cuisine_light,region_global,cat_salad,subcat_light_salad,diet_meat,meal_lunch,True
dish_light_ext_003,毛豆藜麦沙拉,cuisine_light,region_global,cat_salad,subcat_light_salad,diet_vegetarian,meal_lunch,True
dish_light_ext_004,鸡胸藜麦沙拉,cuisine_light,region_global,cat_salad,subcat_light_salad,diet_meat,meal_lunch,True
dish_light_ext_005,鹰嘴豆番茄沙拉,cuisine_light,region_global,cat_salad,subcat_light_salad,diet_vegetarian,meal_lunch,True
dish_light_ext_006,三文鱼牛油果沙拉,cuisine_light,region_global,cat_salad,subcat_light_salad,diet_seafood,meal_lunch,True
dish_light_ext_007,豆腐波奇碗,cuisine_light,region_global,cat_salad,subcat_light_bowl,diet_vegetarian,meal_lunch,True
dish_light_ext_008,虾仁藜麦碗,cuisine_light,region_global,cat_salad,subcat_light_bowl,diet_seafood,meal_lunch,True
dish_light_ext_009,牛肉时蔬能量碗,cuisine_light,region_global,cat_salad,subcat_light_bowl,diet_meat,meal_lunch,True
dish_light_ext_010,三文鱼牛油果糙米碗,cuisine_light,region_global,cat_salad,subcat_light_bowl,diet_seafood,meal_lunch,True
dish_light_ext_011,鹰嘴豆鸡胸碗,cuisine_light,region_global,cat_salad,subcat_light_bowl,diet_meat,meal_lunch,True
dish_light_ext_012,菌菇豆腐能量碗,cuisine_light,region_global,cat_salad,subcat_light_bowl,diet_vegetarian,meal_lunch,True
dish_light_ext_013,牛肉西兰花蛋白盒,cuisine_light,region_global,cat_main_dish,subcat_light_protein,diet_meat,meal_lunch,True
dish_light_ext_014,豆腐毛豆蛋白盒,cuisine_light,region_global,cat_main_dish,subcat_light_protein,diet_vegetarian,meal_lunch,True
dish_light_ext_015,三文鱼南瓜蛋白盘,cuisine_light,region_global,cat_main_dish,subcat_light_protein,diet_seafood,meal_lunch,True
dish_light_ext_016,鸡蛋鸡胸蛋白盒,cuisine_light,region_global,cat_main_dish,subcat_light_protein,diet_meat,meal_lunch,True
dish_light_ext_017,虾仁南瓜蛋白盘,cuisine_light,region_global,cat_main_dish,subcat_light_protein,diet_seafood,meal_lunch,True
dish_light_ext_018,金枪鱼黄瓜蛋白盒,cuisine_light,region_global,cat_main_dish,subcat_light_protein,diet_seafood,meal_lunch,True
dish_soup_ext_001,紫菜蛋花汤,cuisine_cn,region_china,cat_soup,subcat_cn_home_soup,diet_vegetarian,meal_lunch,True
dish_soup_ext_002,番茄蛋花汤,cuisine_cn,region_china,cat_soup,subcat_cn_home_soup,diet_vegetarian,meal_lunch,True
dish_soup_ext_003,菌菇豆腐汤,cuisine_cn,region_china,cat_soup,subcat_cn_home_soup,diet_vegetarian,meal_lunch,True
dish_soup_ext_004,玉米排骨汤,cuisine_cn,region_china,cat_soup,subcat_cn_home_soup,diet_meat,meal_dinner,True
dish_soup_ext_005,冬瓜排骨汤,cuisine_cn,region_china,cat_soup,subcat_cn_home_soup,diet_meat,meal_dinner,True
dish_soup_ext_006,西湖牛肉羹,cuisine_cn,region_china,cat_soup,subcat_cn_home_soup,diet_meat,meal_dinner,True
dish_soup_ext_007,胡辣汤,cuisine_cn,region_china,cat_soup,subcat_cn_home_soup,diet_meat,meal_breakfast,True
dish_soup_ext_008,银耳莲子羹,cuisine_cn,region_china,cat_soup,subcat_cn_home_soup,diet_vegetarian,meal_breakfast,True
dish_soup_ext_009,虫草花鸡汤,cuisine_cn,region_china_guangdong,cat_soup,subcat_cn_cantonese_soup,diet_meat,meal_dinner,True
dish_soup_ext_010,苹果雪梨瘦肉汤,cuisine_cn,region_china_guangdong,cat_soup,subcat_cn_cantonese_soup,diet_meat,meal_dinner,True
dish_soup_ext_011,莲藕排骨汤,cuisine_cn,region_china_guangdong,cat_soup,subcat_cn_cantonese_soup,diet_meat,meal_dinner,True
dish_soup_ext_012,西洋菜猪骨汤,cuisine_cn,region_china_guangdong,cat_soup,subcat_cn_cantonese_soup,diet_meat,meal_dinner,True
dish_soup_ext_013,海底椰鸡汤,cuisine_cn,region_china_guangdong,cat_soup,subcat_cn_cantonese_soup,diet_meat,meal_dinner,True
dish_soup_ext_014,皮蛋鱼片汤,cuisine_cn,region_china_guangdong,cat_soup,subcat_cn_cantonese_soup,diet_seafood,meal_dinner,True
dish_soup_ext_015,味噌汤,cuisine_jp,region_japan,cat_soup,subcat_jp_soup,diet_vegetarian,meal_lunch,True
dish_soup_ext_016,豚汁,cuisine_jp,region_japan,cat_soup,subcat_jp_soup,diet_meat,meal_dinner,True
dish_soup_ext_017,蛤蜊味噌汤,cuisine_jp,region_japan,cat_soup,subcat_jp_soup,diet_seafood,meal_dinner,True
dish_soup_ext_018,海带豆腐汤,cuisine_jp,region_japan,cat_soup,subcat_jp_soup,diet_vegetarian,meal_lunch,True
dish_soup_ext_019,玉子豆腐汤,cuisine_jp,region_japan,cat_soup,subcat_jp_soup,diet_vegetarian,meal_lunch,True
dish_soup_ext_020,南瓜浓汤,cuisine_west,region_europe_america,cat_soup,subcat_west_soup,diet_vegetarian,meal_lunch,True
dish_soup_ext_021,玉米浓汤,cuisine_west,region_europe_america,cat_soup,subcat_west_soup,diet_vegetarian,meal_lunch,True
dish_soup_ext_022,番茄罗勒汤,cuisine_west,region_europe_america,cat_soup,subcat_west_soup,diet_vegetarian,meal_lunch,True
dish_soup_ext_023,奶油蘑菇汤,cuisine_west,region_europe_america,cat_soup,subcat_west_soup,diet_vegetarian,meal_lunch,True
dish_soup_ext_024,洋葱汤,cuisine_west,region_europe_america,cat_soup,subcat_west_soup,diet_vegetarian,meal_lunch,True
dish_drink_ext_001,原味豆浆,cuisine_cn,region_china,cat_drink,subcat_cn_drink,diet_vegetarian,meal_breakfast,True
dish_drink_ext_002,红枣豆浆,cuisine_cn,region_china,cat_drink,subcat_cn_drink,diet_vegetarian,meal_breakfast,True
dish_drink_ext_003,黑豆豆浆,cuisine_cn,region_china,cat_drink,subcat_cn_drink,diet_vegetarian,meal_breakfast,True
dish_drink_ext_004,现磨玉米汁,cuisine_cn,region_china,cat_drink,subcat_cn_drink,diet_vegetarian,meal_breakfast,True
dish_drink_ext_005,红豆薏米水,cuisine_cn,region_china,cat_drink,subcat_cn_drink,diet_vegetarian,meal_breakfast,True
dish_drink_ext_006,酸梅汤,cuisine_cn,region_china,cat_drink,subcat_cn_drink,diet_vegetarian,meal_lunch,True
dish_drink_ext_007,柠檬红茶,cuisine_cn,region_china,cat_drink,subcat_cn_drink,diet_vegetarian,meal_lunch,True
dish_drink_ext_008,无糖茉莉茶,cuisine_cn,region_china,cat_drink,subcat_cn_drink,diet_vegetarian,meal_breakfast,True
dish_drink_ext_009,美式咖啡,cuisine_light,region_global,cat_drink,subcat_light_drink,diet_vegetarian,meal_breakfast,True
dish_drink_ext_010,拿铁,cuisine_light,region_global,cat_drink,subcat_light_drink,diet_vegetarian,meal_breakfast,True
dish_drink_ext_011,抹茶拿铁,cuisine_light,region_global,cat_drink,subcat_light_drink,diet_vegetarian,meal_breakfast,True
dish_drink_ext_012,莓果酸奶昔,cuisine_light,region_global,cat_drink,subcat_light_drink,diet_vegetarian,meal_breakfast,True
dish_drink_ext_013,牛油果酸奶昔,cuisine_light,region_global,cat_drink,subcat_light_drink,diet_vegetarian,meal_breakfast,True
dish_drink_ext_014,鲜榨橙汁,cuisine_light,region_global,cat_drink,subcat_light_drink,diet_vegetarian,meal_breakfast,True
dish_drink_ext_015,香蕉燕麦奶昔,cuisine_light,region_global,cat_drink,subcat_light_drink,diet_vegetarian,meal_breakfast,True
dish_drink_ext_016,冷泡柠檬茶,cuisine_light,region_global,cat_drink,subcat_light_drink,diet_vegetarian,meal_lunch,True
